{"schemaVersion":"1.0","appDefinitionTemplate":{"id":"/providers/Microsoft.PowerApps/apps/","type":"Microsoft.PowerApps/apps","tags":{"primaryDeviceWidth":"1366","primaryDeviceHeight":"768","supportsPortrait":"true","supportsLandscape":"true","primaryFormFactor":"Tablet","publisherVersion":"3.23053.41","minimumRequiredApiVersion":"2.2.0","hasComponent":"false","hasUnlockedComponent":"false","isUnifiedRootApp":"false","sienaVersion":"20230603T120924Z-3.23053.41.0"},"properties":{"appVersion":"2023-06-03T12:09:24Z","lifeCycleId":"Published","createdByClientVersion":{"major":3,"minor":23053,"build":41,"revision":0,"majorRevision":0,"minorRevision":0},"minClientVersion":{"major":3,"minor":23053,"build":41,"revision":0,"majorRevision":0,"minorRevision":0},"backgroundColor":"RGBA(0,176,240,1)","backgroundImageUri":"/14144691023771050287/N67d7a428-4d52-471a-bd65-81a0acf6315f-logoSmallFile","displayName":"People Picker","description":"","commitMessage":"","appUris":{"documentUri":{"value":"/14144691023771050287/N7410483f-6f60-4016-86a5-ed09ad701ed4-document.msapp"},"imageUris":[],"additionalUris":[]},"createdTime":"0001-01-01T00:00:00Z","lastModifiedTime":"0001-01-01T00:00:00Z","sharedGroupsCount":0,"sharedUsersCount":0,"connectionReferences":{"5ea08a5d-29da-42ea-b28a-0f5be6a2f5a0":{"id":"0d5199d0-10e4-4a4f-b064-ceeab5063516","displayName":"SharePoint","iconUri":"https://connectoricons-prod.azureedge.net/u/shgogna/globalperconnector-train1/1.0.1639.3310/sharepointonline/icon.png","dataSources":["People Picker Demo"],"dependencies":[],"dependents":[],"parameterHints":{},"parameterHintsV2":{},"isOnPremiseConnection":false,"dataSets":{"https://sites.ey.com/sites/PowerAppsAka":{"dataSources":{"People Picker Demo":{"tableName":"b9a6a9d1-3e78-4167-a4c1-1cb2d5474188"}}}},"apiTier":"Standard","isCustomApiConnection":false,"actions":["providers/PowerPlatform.Governance/Operations/Read","providers/PowerPlatform.Governance/Operations/Write"]}},"databaseReferences":{},"almMode":"Environment","performanceOptimizationEnabled":true,"canConsumeAppPass":true,"enableModernRuntimeMode":false,"executionRestrictions":{"isTeamsOnly":false,"dataLossPreventionEvaluationResult":{"status":"Compliant","lastEvaluationDate":"2023-06-03T12:09:27.0180996Z","violations":[],"violationsByPolicy":[],"violationErrorMessage":"The app uses the following connectors: shared_sharepointonline."}}},"appType":"ClassicCanvasApp","appComponents":[]}}