{"name":"50727265-5193-433d-80cf-8f1b5a98bc01","id":"/providers/Microsoft.Flow/flows/50727265-5193-433d-80cf-8f1b5a98bc01","type":"Microsoft.Flow/flows","properties":{"apiId":"/providers/Microsoft.PowerApps/apis/shared_logicflows","displayName":"Add Work Item in Board","definition":{"metadata":{"workflowEntityId":null,"processAdvisorMetadata":null,"flowChargedByPaygo":null,"flowclientsuspensionreason":"None","flowclientsuspensiontime":null,"flowclientsuspensionreasondetails":null,"creator":{"id":"c04ef869-ff2e-4b5a-832a-d26349fb6dc8","type":"User","tenantId":"ea80952e-a476-42d4-aaf4-5457852b0f7e"},"provisioningMethod":"FromDefinition","failureAlertSubscription":true,"clientLastModifiedTime":"2023-07-05T11:03:44.8053254Z"},"$schema":"https://schema.management.azure.com/providers/Microsoft.Logic/schemas/2016-06-01/workflowdefinition.json#","contentVersion":"1.0.0.0","parameters":{"$connections":{"defaultValue":{},"type":"Object"},"$authentication":{"defaultValue":{},"type":"SecureObject"}},"triggers":{"manual":{"metadata":{"operationMetadataId":"0fd8c69a-d663-4f50-b4a4-12efc08fbf82"},"type":"Request","kind":"PowerAppV2","inputs":{"schema":{"type":"object","properties":{"text":{"title":"TicketTitle","type":"string","x-ms-dynamically-added":true,"description":"Please enter your input","x-ms-content-hint":"TEXT"},"text_1":{"title":"TicketDescription","type":"string","x-ms-dynamically-added":true,"description":"Please enter your input","x-ms-content-hint":"TEXT"},"text_3":{"title":"Tag","type":"string","x-ms-dynamically-added":true,"description":"Please enter your input","x-ms-content-hint":"TEXT"},"number":{"title":"Priority","type":"number","x-ms-dynamically-added":true,"description":"Please enter a number","x-ms-content-hint":"NUMBER"},"text_4":{"title":"OrganizationName","type":"string","x-ms-dynamically-added":true,"description":"Please enter your input","x-ms-content-hint":"TEXT"},"text_5":{"title":"ProjectName","type":"string","x-ms-dynamically-added":true,"description":"Please enter your input","x-ms-content-hint":"TEXT"},"text_6":{"title":"AreaPath","type":"string","x-ms-dynamically-added":true,"description":"Please enter your input","x-ms-content-hint":"TEXT"},"email":{"title":"AssignedTo","type":"string","format":"email","x-ms-dynamically-added":true,"description":"Please enter an e-mail address","x-ms-content-hint":"EMAIL"}},"required":["text","text_1","text_3","number","text_4","text_5","text_6","email"]}}}},"actions":{"Create_a_work_item":{"runAfter":{},"metadata":{"operationMetadataId":"fa39b7a1-2cb3-4cfc-9b9f-453de61b3f02"},"type":"OpenApiConnection","inputs":{"host":{"apiId":"/providers/Microsoft.PowerApps/apis/shared_visualstudioteamservices","connectionName":"shared_visualstudioteamservices","operationId":"CreateWorkItem"},"parameters":{"account":"@triggerBody()['text_4']","project":"@triggerBody()['text_5']","type":"Product Backlog Item","workItem/title":"@triggerBody()['text']","workItem/description":"<p>@{triggerBody()['text_1']}</p>","workItem/area":"@triggerBody()['text_6']"},"authentication":{"value":"@json(decodeBase64(triggerOutputs().headers['X-MS-APIM-Tokens']))['$ConnectionKey']","type":"Raw"}}},"Respond_to_a_PowerApp_or_flow":{"runAfter":{"Create_a_work_item":["Succeeded"]},"metadata":{"operationMetadataId":"9b716363-637f-4341-b9b7-a1f69052e39d"},"type":"Response","kind":"PowerApp","inputs":{"statusCode":200,"body":{"workitemid":"@{outputs('Create_a_work_item')?['body/id']}"},"schema":{"type":"object","properties":{"workitemid":{"title":"WorkItemID","x-ms-dynamically-added":true,"type":"string"}}}}}}},"connectionReferences":{"shared_visualstudioteamservices":{"connectionName":"4750b61e1cba44d2a8e3d458dad59467","source":"Invoker","id":"/providers/Microsoft.PowerApps/apis/shared_visualstudioteamservices","tier":"NotSpecified"}},"flowFailureAlertSubscribed":false,"isManaged":false}}